rset_ohm,load_ohm,status,elapsed_s,vp_avg,vn_avg,ip_a,in_a,vp_pp,vn_pp
2160,170,rc=0,1.1969742999999653,7.56967475002,-7.49286967891,0.04452749852952941,0.04407570399358823,0.0012965202300003753,0.0011868476899996594
2160,340,rc=0,1.2949367999999595,7.56800195685,-7.49514410833,0.02225882928485294,0.022044541495088235,0.000795514240000017,0.0006718635500000403
2160,680,rc=0,1.3455174999999144,7.56718334305,-7.49629351908,0.011128210798602942,0.011023961057470588,0.0005484422300003899,0.0004105568000003501
2160,1700,rc=0,1.2454879999995683,7.5666984688,-7.49699280334,0.004450999099294118,0.004409995766670589,0.00040340424000007147,0.0002507497000001635
2260,170,rc=0,8.614330099999279,7.85366985242,-7.77665053239,0.046198057955411764,0.04574500313170588,0.0013308525099997581,0.0011850448499997057
2260,340,rc=0,1.1753951999999117,7.85201739233,-7.77892586913,0.023094168800970587,0.022879193732735295,0.0008306503300001822,0.0006718635500000403
2260,680,rc=0,1.2316259999997783,7.85120234086,-7.78008356023,0.011545885795382353,0.011441299353279411,0.0005845090500002925,0.00041007995999997604
2260,1700,rc=0,1.2371995000003153,7.8507269742,-7.78078121431,0.004618074690705882,0.004576930126064706,0.0004401207000004348,0.000250339509999975
5000,170,rc=0,1.2412840999995751,15.6040134637,-15.5255607154,0.09178831449235293,0.09132682773764705,0.05283679310000089,0.04999480450000071
5000,340,rc=0,1.2395384999999806,15.6026978378,-15.528030595,0.04589028775823529,0.045670678220588234,0.052359778899999654,0.050500105800001194
5000,680,rc=0,1.2172566999997798,15.6020706153,-15.5292918775,0.022944221493088238,0.0228371939375,0.05213152019999967,0.05076065069999913
5000,1700,rc=0,1.250821800000267,15.6017084636,-15.5300680571,0.00917747556682353,0.009135334151235294,0.0519943009999988,0.05092251690000005
