RUN_ID,CASE_ID,METRIC,VALUE,UNIT,PASS_FAIL,NOTES
RUN01,GRADO_78C_CABLE50_SERVICE0,peak_below_20khz,0.393655717,dB,PASS,CHARACTERISATION
RUN01,GRADO_78C_CABLE50_SERVICE0,peak_below_50khz,2.62124887,dB,FAIL,CHARACTERISATION
RUN01,GRADO_78C_CABLE50_SERVICE47,peak_below_20khz,0.690025645,dB,PASS,CHARACTERISATION
RUN01,GRADO_78C_CABLE50_SERVICE47,peak_below_50khz,4.97758834,dB,FAIL,CHARACTERISATION
RUN01,GRADO_78C_CABLE50_SERVICE100,peak_below_20khz,1.03601464,dB,FAIL,CHARACTERISATION
RUN01,GRADO_78C_CABLE50_SERVICE100,peak_below_50khz,7.91614655,dB,FAIL,CHARACTERISATION
RUN01,GRADO_78C_CABLE100_SERVICE0,peak_below_20khz,0.712166927,dB,PASS,PRIMARY_NOMINAL_AUDIO_BAND_GATING_EXTENDED_BAND_OPEN
RUN01,GRADO_78C_CABLE100_SERVICE0,peak_below_50khz,5.17699146,dB,FAIL,PRIMARY_NOMINAL_AUDIO_BAND_GATING_EXTENDED_BAND_OPEN
RUN01,GRADO_78C_CABLE100_SERVICE47,peak_below_20khz,1.01927289,dB,FAIL,CHARACTERISATION
RUN01,GRADO_78C_CABLE100_SERVICE47,peak_below_50khz,7.82771778,dB,FAIL,CHARACTERISATION
RUN01,GRADO_78C_CABLE100_SERVICE100,peak_below_20khz,1.378192,dB,FAIL,CHARACTERISATION
RUN01,GRADO_78C_CABLE100_SERVICE100,peak_below_50khz,9.64272743,dB,FAIL,CHARACTERISATION
RUN01,GRADO_78C_CABLE150_SERVICE0,peak_below_20khz,1.04223645,dB,FAIL,CHARACTERISATION
RUN01,GRADO_78C_CABLE150_SERVICE0,peak_below_50khz,8.03485045,dB,FAIL,CHARACTERISATION
RUN01,GRADO_78C_CABLE150_SERVICE47,peak_below_20khz,1.36083137,dB,FAIL,CHARACTERISATION
RUN01,GRADO_78C_CABLE150_SERVICE47,peak_below_50khz,9.66751217,dB,FAIL,CHARACTERISATION
RUN01,GRADO_78C_CABLE150_SERVICE100,peak_below_20khz,1.73361034,dB,FAIL,CHARACTERISATION
RUN01,GRADO_78C_CABLE150_SERVICE100,peak_below_50khz,10.324267,dB,FAIL,CHARACTERISATION
RUN01,GRADO_78C_CABLE200_SERVICE0,peak_below_20khz,1.38467632,dB,FAIL,CHARACTERISATION
RUN01,GRADO_78C_CABLE200_SERVICE0,peak_below_50khz,9.7560766,dB,FAIL,CHARACTERISATION
RUN01,GRADO_78C_CABLE200_SERVICE47,peak_below_20khz,1.71558743,dB,FAIL,CHARACTERISATION
RUN01,GRADO_78C_CABLE200_SERVICE47,peak_below_50khz,10.3533218,dB,FAIL,CHARACTERISATION
RUN01,GRADO_78C_CABLE200_SERVICE100,peak_below_20khz,2.1032488,dB,FAIL,CHARACTERISATION
RUN01,GRADO_78C_CABLE200_SERVICE100,peak_below_50khz,10.8580365,dB,FAIL,CHARACTERISATION
RUN01,GRADO_78C_CABLE300_SERVICE0,peak_below_20khz,2.11032582,dB,FAIL,CHARACTERISATION
RUN01,GRADO_78C_CABLE300_SERVICE0,peak_below_50khz,10.9356311,dB,FAIL,CHARACTERISATION
RUN01,GRADO_78C_CABLE300_SERVICE47,peak_below_20khz,2.46869094,dB,FAIL,CHARACTERISATION
RUN01,GRADO_78C_CABLE300_SERVICE47,peak_below_50khz,11.3052934,dB,FAIL,CHARACTERISATION
RUN01,GRADO_78C_CABLE300_SERVICE100,peak_below_20khz,2.88960677,dB,FAIL,CHARACTERISATION
RUN01,GRADO_78C_CABLE300_SERVICE100,peak_below_50khz,11.6539402,dB,FAIL,CHARACTERISATION
RUN01,AT_VM95SP_CABLE50_SERVICE0,peak_below_20khz,0.00870875236,dB,PASS,CHARACTERISATION
RUN01,AT_VM95SP_CABLE50_SERVICE0,peak_below_50khz,0.00870875236,dB,PASS,CHARACTERISATION
RUN01,AT_VM95SP_CABLE50_SERVICE47,peak_below_20khz,0.000126416826,dB,PASS,PRIMARY_GATING_OFFICIAL_100_200PF
RUN01,AT_VM95SP_CABLE50_SERVICE47,peak_below_50khz,0.000126416826,dB,PASS,PRIMARY_GATING_OFFICIAL_100_200PF
RUN01,AT_VM95SP_CABLE50_SERVICE100,peak_below_20khz,0.389684806,dB,PASS,PRIMARY_GATING_OFFICIAL_100_200PF
RUN01,AT_VM95SP_CABLE50_SERVICE100,peak_below_50khz,0.389684806,dB,PASS,PRIMARY_GATING_OFFICIAL_100_200PF
RUN01,AT_VM95SP_CABLE100_SERVICE0,peak_below_20khz,0.00176998948,dB,PASS,PRIMARY_GATING_OFFICIAL_100_200PF
RUN01,AT_VM95SP_CABLE100_SERVICE0,peak_below_50khz,0.00176998948,dB,PASS,PRIMARY_GATING_OFFICIAL_100_200PF
RUN01,AT_VM95SP_CABLE100_SERVICE47,peak_below_20khz,0.36255597,dB,PASS,PRIMARY_GATING_OFFICIAL_100_200PF
RUN01,AT_VM95SP_CABLE100_SERVICE47,peak_below_50khz,0.36255597,dB,PASS,PRIMARY_GATING_OFFICIAL_100_200PF
RUN01,AT_VM95SP_CABLE100_SERVICE100,peak_below_20khz,0.97083612,dB,PASS,CHARACTERISATION
RUN01,AT_VM95SP_CABLE100_SERVICE100,peak_below_50khz,0.97083612,dB,PASS,CHARACTERISATION
RUN01,AT_VM95SP_CABLE150_SERVICE0,peak_below_20khz,0.400752473,dB,PASS,PRIMARY_GATING_OFFICIAL_100_200PF
RUN01,AT_VM95SP_CABLE150_SERVICE0,peak_below_50khz,0.400752473,dB,PASS,PRIMARY_GATING_OFFICIAL_100_200PF
RUN01,AT_VM95SP_CABLE150_SERVICE47,peak_below_20khz,0.942874739,dB,PASS,CHARACTERISATION
RUN01,AT_VM95SP_CABLE150_SERVICE47,peak_below_50khz,0.942874739,dB,PASS,CHARACTERISATION
RUN01,AT_VM95SP_CABLE150_SERVICE100,peak_below_20khz,1.53517403,dB,FAIL,CHARACTERISATION
RUN01,AT_VM95SP_CABLE150_SERVICE100,peak_below_50khz,1.53517403,dB,PASS,CHARACTERISATION
RUN01,AT_VM95SP_CABLE200_SERVICE0,peak_below_20khz,0.983560478,dB,PASS,CHARACTERISATION
RUN01,AT_VM95SP_CABLE200_SERVICE0,peak_below_50khz,0.983560478,dB,PASS,CHARACTERISATION
RUN01,AT_VM95SP_CABLE200_SERVICE47,peak_below_20khz,1.50987207,dB,FAIL,CHARACTERISATION
RUN01,AT_VM95SP_CABLE200_SERVICE47,peak_below_50khz,1.50987207,dB,PASS,CHARACTERISATION
RUN01,AT_VM95SP_CABLE200_SERVICE100,peak_below_20khz,2.05084969,dB,FAIL,CHARACTERISATION
RUN01,AT_VM95SP_CABLE200_SERVICE100,peak_below_50khz,2.05084969,dB,FAIL,CHARACTERISATION
RUN01,AT_VM95SP_CABLE300_SERVICE0,peak_below_20khz,2.06228127,dB,FAIL,CHARACTERISATION
RUN01,AT_VM95SP_CABLE300_SERVICE0,peak_below_50khz,2.06228127,dB,FAIL,CHARACTERISATION
RUN01,AT_VM95SP_CABLE300_SERVICE47,peak_below_20khz,2.49710331,dB,FAIL,CHARACTERISATION
RUN01,AT_VM95SP_CABLE300_SERVICE47,peak_below_50khz,2.49710331,dB,FAIL,CHARACTERISATION
RUN01,AT_VM95SP_CABLE300_SERVICE100,peak_below_20khz,2.93650606,dB,FAIL,CHARACTERISATION
RUN01,AT_VM95SP_CABLE300_SERVICE100,peak_below_50khz,2.93650606,dB,FAIL,CHARACTERISATION
RUN01,GRADO_GOLD_8MZ_CABLE50_SERVICE0,peak_below_20khz,0.426356417,dB,PASS,COMPATIBILITY_NON_GATING
RUN01,GRADO_GOLD_8MZ_CABLE50_SERVICE0,peak_below_50khz,2.80563288,dB,FAIL,COMPATIBILITY_NON_GATING
RUN01,GRADO_GOLD_8MZ_CABLE50_SERVICE47,peak_below_20khz,0.75389117,dB,PASS,COMPATIBILITY_NON_GATING
RUN01,GRADO_GOLD_8MZ_CABLE50_SERVICE47,peak_below_50khz,5.32431927,dB,FAIL,COMPATIBILITY_NON_GATING
RUN01,GRADO_GOLD_8MZ_CABLE50_SERVICE100,peak_below_20khz,1.13734046,dB,FAIL,COMPATIBILITY_NON_GATING
RUN01,GRADO_GOLD_8MZ_CABLE50_SERVICE100,peak_below_50khz,8.00260283,dB,FAIL,COMPATIBILITY_NON_GATING
RUN01,GRADO_GOLD_8MZ_CABLE100_SERVICE0,peak_below_20khz,0.778431868,dB,PASS,COMPATIBILITY_NON_GATING
RUN01,GRADO_GOLD_8MZ_CABLE100_SERVICE0,peak_below_50khz,5.53428273,dB,FAIL,COMPATIBILITY_NON_GATING
RUN01,GRADO_GOLD_8MZ_CABLE100_SERVICE47,peak_below_20khz,1.11883927,dB,FAIL,COMPATIBILITY_NON_GATING
RUN01,GRADO_GOLD_8MZ_CABLE100_SERVICE47,peak_below_50khz,7.96688568,dB,FAIL,COMPATIBILITY_NON_GATING
RUN01,GRADO_GOLD_8MZ_CABLE100_SERVICE100,peak_below_20khz,1.51783637,dB,FAIL,COMPATIBILITY_NON_GATING
RUN01,GRADO_GOLD_8MZ_CABLE100_SERVICE100,peak_below_50khz,9.00731301,dB,FAIL,COMPATIBILITY_NON_GATING
RUN01,GRADO_GOLD_8MZ_CABLE150_SERVICE0,peak_below_20khz,1.14437107,dB,FAIL,COMPATIBILITY_NON_GATING
RUN01,GRADO_GOLD_8MZ_CABLE150_SERVICE0,peak_below_50khz,8.12695137,dB,FAIL,COMPATIBILITY_NON_GATING
RUN01,GRADO_GOLD_8MZ_CABLE150_SERVICE47,peak_below_20khz,1.49859848,dB,FAIL,COMPATIBILITY_NON_GATING
RUN01,GRADO_GOLD_8MZ_CABLE150_SERVICE47,peak_below_50khz,9.04118652,dB,FAIL,COMPATIBILITY_NON_GATING
RUN01,GRADO_GOLD_8MZ_CABLE150_SERVICE100,peak_below_20khz,1.91430895,dB,FAIL,COMPATIBILITY_NON_GATING
RUN01,GRADO_GOLD_8MZ_CABLE150_SERVICE100,peak_below_50khz,9.64230156,dB,FAIL,COMPATIBILITY_NON_GATING
RUN01,GRADO_GOLD_8MZ_CABLE200_SERVICE0,peak_below_20khz,1.52519627,dB,FAIL,COMPATIBILITY_NON_GATING
RUN01,GRADO_GOLD_8MZ_CABLE200_SERVICE0,peak_below_50khz,9.10558472,dB,FAIL,COMPATIBILITY_NON_GATING
RUN01,GRADO_GOLD_8MZ_CABLE200_SERVICE47,peak_below_20khz,1.89428159,dB,FAIL,COMPATIBILITY_NON_GATING
RUN01,GRADO_GOLD_8MZ_CABLE200_SERVICE47,peak_below_50khz,9.6679637,dB,FAIL,COMPATIBILITY_NON_GATING
RUN01,GRADO_GOLD_8MZ_CABLE200_SERVICE100,peak_below_20khz,2.32798011,dB,FAIL,COMPATIBILITY_NON_GATING
RUN01,GRADO_GOLD_8MZ_CABLE200_SERVICE100,peak_below_50khz,10.1535354,dB,FAIL,COMPATIBILITY_NON_GATING
RUN01,GRADO_GOLD_8MZ_CABLE300_SERVICE0,peak_below_20khz,2.33609076,dB,FAIL,COMPATIBILITY_NON_GATING
RUN01,GRADO_GOLD_8MZ_CABLE300_SERVICE0,peak_below_50khz,10.2194247,dB,FAIL,COMPATIBILITY_NON_GATING
RUN01,GRADO_GOLD_8MZ_CABLE300_SERVICE47,peak_below_20khz,2.7384013,dB,FAIL,COMPATIBILITY_NON_GATING
RUN01,GRADO_GOLD_8MZ_CABLE300_SERVICE47,peak_below_50khz,10.5693746,dB,FAIL,COMPATIBILITY_NON_GATING
RUN01,GRADO_GOLD_8MZ_CABLE300_SERVICE100,peak_below_20khz,3.21236361,dB,FAIL,COMPATIBILITY_NON_GATING
RUN01,GRADO_GOLD_8MZ_CABLE300_SERVICE100,peak_below_50khz,10.8725034,dB,FAIL,COMPATIBILITY_NON_GATING
RUN02,LOW,gain_1khz,13.9371881,dB,PASS,
RUN02,LOW,cmrr_20khz,96.080055,dB,PASS,
RUN02,DEFAULT,gain_1khz,18.0208942,dB,PASS,
RUN02,DEFAULT,cmrr_20khz,96.080055,dB,PASS,
RUN02,HIGH,gain_1khz,21.9779594,dB,PASS,
RUN02,HIGH,cmrr_20khz,96.080055,dB,PASS,
RUN03,FLAT__FLAT,model_correlation_max_error,4.058084e-05,dB,PASS,NAMED_HISTORICAL
RUN03,FLAT__FLAT,target_max_error,2.279749e-05,dB,PASS,FLAT
RUN03,FLAT__1600_Hz,model_correlation_max_error,0.00111791066,dB,PASS,UNNAMED_ADJUSTMENT
RUN03,FLAT__2121_Hz_RIAA,model_correlation_max_error,0.00104994613,dB,PASS,UNNAMED_ADJUSTMENT
RUN03,FLAT__3400_Hz,model_correlation_max_error,0.000856255444,dB,PASS,UNNAMED_ADJUSTMENT
RUN03,FLAT__5800_Hz,model_correlation_max_error,0.000494701112,dB,PASS,UNNAMED_ADJUSTMENT
RUN03,200_Hz__FLAT,model_correlation_max_error,0.00084327868,dB,PASS,NAMED_HISTORICAL
RUN03,200_Hz__FLAT,target_max_error,0.0114581668,dB,PASS,78-200-FLAT
RUN03,200_Hz__1600_Hz,model_correlation_max_error,0.00108052593,dB,PASS,NAMED_HISTORICAL
RUN03,200_Hz__1600_Hz,target_max_error,0.0308332898,dB,PASS,78-200-1600
RUN03,200_Hz__2121_Hz_RIAA,model_correlation_max_error,0.00101854424,dB,PASS,UNNAMED_ADJUSTMENT
RUN03,200_Hz__3400_Hz,model_correlation_max_error,0.00087843477,dB,PASS,NAMED_HISTORICAL
RUN03,200_Hz__3400_Hz,target_max_error,0.0272451338,dB,PASS,78-200-3400
RUN03,200_Hz__5800_Hz,model_correlation_max_error,0.000859122588,dB,PASS,NAMED_HISTORICAL
RUN03,200_Hz__5800_Hz,target_max_error,0.0113590701,dB,PASS,78-200-5800
RUN03,400_Hz__FLAT,model_correlation_max_error,0.000895053735,dB,PASS,NAMED_HISTORICAL
RUN03,400_Hz__FLAT,target_max_error,0.00718410868,dB,PASS,78-400-FLAT
RUN03,400_Hz__1600_Hz,model_correlation_max_error,0.000993916192,dB,PASS,NAMED_HISTORICAL
RUN03,400_Hz__1600_Hz,target_max_error,0.0292039157,dB,PASS,78-400-1600
RUN03,400_Hz__2121_Hz_RIAA,model_correlation_max_error,0.00094106093,dB,PASS,UNNAMED_ADJUSTMENT
RUN03,400_Hz__3400_Hz,model_correlation_max_error,0.000909520076,dB,PASS,NAMED_HISTORICAL
RUN03,400_Hz__3400_Hz,target_max_error,0.0256384623,dB,PASS,78-400-3400
RUN03,400_Hz__5800_Hz,model_correlation_max_error,0.000899015993,dB,PASS,NAMED_HISTORICAL
RUN03,400_Hz__5800_Hz,target_max_error,0.00726885438,dB,PASS,78-400-5800
RUN03,500_Hz_78__FLAT,model_correlation_max_error,0.00087422786,dB,PASS,NAMED_HISTORICAL
RUN03,500_Hz_78__FLAT,target_max_error,0.00437418809,dB,PASS,78-500-FLAT
RUN03,500_Hz_78__1600_Hz,model_correlation_max_error,0.000958175407,dB,PASS,NAMED_HISTORICAL
RUN03,500_Hz_78__1600_Hz,target_max_error,0.0312939589,dB,PASS,78-500-1600
RUN03,500_Hz_78__2121_Hz_RIAA,model_correlation_max_error,0.000909650155,dB,PASS,UNNAMED_ADJUSTMENT
RUN03,500_Hz_78__3400_Hz,model_correlation_max_error,0.000880431101,dB,PASS,NAMED_HISTORICAL
RUN03,500_Hz_78__3400_Hz,target_max_error,0.0277389804,dB,PASS,78-500-3400
RUN03,500_Hz_78__5800_Hz,model_correlation_max_error,0.000873612225,dB,PASS,NAMED_HISTORICAL
RUN03,500_Hz_78__5800_Hz,target_max_error,0.00429235961,dB,PASS,78-500-5800
RUN03,TRUE_RIAA_3180_318_us__FLAT,model_correlation_max_error,0.0007647151,dB,PASS,UNNAMED_ADJUSTMENT
RUN03,TRUE_RIAA_3180_318_us__1600_Hz,model_correlation_max_error,0.000963757911,dB,PASS,UNNAMED_ADJUSTMENT
RUN03,TRUE_RIAA_3180_318_us__2121_Hz_RIAA,model_correlation_max_error,0.000913625827,dB,PASS,RIAA
RUN03,TRUE_RIAA_3180_318_us__2121_Hz_RIAA,target_max_error,0.00828003405,dB,PASS,RIAA
RUN03,TRUE_RIAA_3180_318_us__3400_Hz,model_correlation_max_error,0.000780189381,dB,PASS,UNNAMED_ADJUSTMENT
RUN03,TRUE_RIAA_3180_318_us__5800_Hz,model_correlation_max_error,0.000769658911,dB,PASS,UNNAMED_ADJUSTMENT
